Rk,Player,Nation,Pos,Squad,Age,Born,90s,Gls,Sh,SoT,SoT%,Sh/90,SoT/90,G/Sh,G/SoT,Dist,PK,PKatt,Matches
1,Sahal Abdul Samad,in IND,"MF,FW",Kerala Blasters,25,1997,14,3,31,9,29,2.21,0.64,0.1,0.33,,0,0,Matches
2,Ayush Adhikari,in IND,MF,Kerala Blasters,22,2000,1.2,0,2,1,50,1.68,0.84,0,0,,0,0,Matches
3,Gani Ahammed Nigam,in IND,MF,NorthEast Utd,24,1998,3.4,0,0,0,,0,0,,,,0,0,Matches
4,Alex,br BRA,MF,East Bengal,33,1988,13.3,1,11,3,27.3,0.83,0.23,0.09,0.33,,0,0,Matches
5,Anwar Ali,in IND,DF,Goa,21,2000,20,1,16,4,25,0.8,0.2,0.06,0.25,,0,0,Matches
6,Rahim Ali,in IND,"MF,FW",Chennaiyin,22,2000,8.9,3,19,6,31.6,2.14,0.68,0.16,0.5,,0,0,Matches
7,Wahengbam Angousana Luwang,in IND,MF,East Bengal,26,1996,0,0,0,0,,0,0,,,,0,0,Matches
8,Aniket Anil Jadhav,in IND,MF,Odisha,22,2000,0.9,0,0,0,,0,0,,,,0,0,Matches
9,Aniket Anil Jadhav,in IND,MF,East Bengal,22,2000,2.1,0,3,0,0,1.4,0,0,,,0,0,Matches
10,Fares Al Arnaout,sy SYR,DF,Goa,25,1997,11.3,1,9,1,11.1,0.8,0.09,0.11,1,,0,0,Matches
11,Mohammad Asif Khan,in IND,MF,Mumbai City,21,2001,0.2,0,0,0,,0,0,,,,0,0,Matches
12,Leon Augustine,in IND,MF,Bengaluru,23,1998,1.6,0,2,0,0,1.23,0,0,,,0,0,Matches
13,Sajal Bag,in IND,MF,Chennaiyin,19,2003,1.8,1,6,1,16.7,3.4,0.57,0.17,1,,0,0,Matches
14,Ravi Bahadur Rana,in IND,MF,Mohun Bagan,19,2002,0.1,0,0,0,,0,0,,,,0,0,Matches
15,Nikhil Barla,in IND,DF,Jamshedpur,18,2003,0.9,0,0,0,,0,0,,,,0,0,Matches
16,Vincy Barretto,in IND,"MF,FW",Chennaiyin,22,1999,10.8,3,34,12,35.3,3.14,1.11,0.09,0.25,,0,0,Matches
17,Edu Bedia,es ESP,MF,Goa,33,1989,16.7,3,39,10,25.6,2.34,0.6,0.08,0.3,,0,0,Matches
18,Joseba Beitia,es ESP,MF,NorthEast Utd,31,1990,5,0,3,0,0,0.6,0,0,,,0,0,Matches
19,Emil Benny,in IND,"MF,FW",NorthEast Utd,21,2000,10.8,0,11,3,27.3,1.02,0.28,0,0,,0,0,Matches
20,Hardik Bhatt,in IND,DF,Mumbai City,25,1997,1,0,0,0,,0,0,,,,0,0,Matches
21,Arindam Bhattacharya,in IND,GK,NorthEast Utd,33,1989,10,0,0,0,,0,0,,,,0,0,Matches
22,Rahul Bheke,in IND,DF,Mumbai City,31,1990,14.8,0,4,0,0,0.27,0,0,,,0,0,Matches
23,Namgyal Bhutia,in IND,"DF,MF",Bengaluru,22,1999,9.5,0,2,1,50,0.21,0.1,0,0,,0,0,Matches
24,Gaurav Bora,in IND,DF,NorthEast Utd,24,1998,11.9,0,3,0,0,0.25,0,0,,,0,0,Matches
25,Rowllin Borges,in IND,MF,Mumbai City,30,1992,4.3,0,5,0,0,1.16,0,0,,,0,0,Matches
26,Subashish Bose,in IND,DF,Mohun Bagan,26,1995,18.4,1,12,3,25,0.65,0.16,0.08,0.33,,0,0,Matches
27,Hugo Boumous,fr FRA,"MF,FW",Mohun Bagan,27,1995,13.8,4,26,11,42.3,1.88,0.8,0.12,0.27,,1,1,Matches
28,Jessel Carneiro,in IND,DF,Kerala Blasters,32,1990,13.2,0,14,2,14.3,1.06,0.15,0,0,,0,0,Matches
29,Souvik Chakrabarti,in IND,MF,East Bengal,35,1987,3.3,0,1,0,0,0.3,0,0,,,0,0,Matches
30,Lalchungnunga Chhangte,in IND,MF,Hyderabad FC,21,2001,0.3,0,1,0,0,3,0,0,,,0,0,Matches
31,Lallianzuala Chhangte,in IND,"FW,MF",Mumbai City,24,1997,18.1,10,47,28,59.6,2.59,1.54,0.19,0.32,,1,1,Matches
32,Aman Chhetri,in IND,DF,Kerala Blasters,21,2001,18.7,0,7,2,28.6,0.37,0.11,0,0,,0,0,Matches
33,Ayush Chhetri,in IND,MF,Goa,19,2003,13.9,0,2,0,0,0.14,0,0,,,0,0,Matches
34,Sunil Chhetri,in IND,"FW,MF",Bengaluru,37,1984,11.7,2,23,10,43.5,1.97,0.86,0.04,0.1,,1,1,Matches
35,Ayush Chhikara,in IND,FW,Mumbai City,20,2002,0.8,0,3,1,33.3,3.75,1.25,0,0,,0,0,Matches
36,Joel Chianese,au AUS,MF,Hyderabad FC,32,1990,9.1,2,12,6,50,1.32,0.66,0.17,0.33,,0,0,Matches
37,Daniel Chima Chukwu,ng NGA,FW,Jamshedpur,31,1991,16.1,5,45,15,33.3,2.79,0.93,0.11,0.33,,0,0,Matches
38,Makan Chote,in IND,MF,Goa,22,2000,2.9,0,7,2,28.6,2.41,0.69,0,0,,0,0,Matches
39,Farukh Choudhary,in IND,"MF,FW",Jamshedpur,25,1996,7,0,11,1,9.1,1.57,0.14,0,0,,0,0,Matches
40,Pratik Chowdhary,in IND,DF,Jamshedpur,32,1989,14.2,0,12,2,16.7,0.85,0.14,0,0,,0,0,Matches
41,Lal Chungnunga,in IND,DF,East Bengal,21,2000,18.7,0,5,1,20,0.27,0.05,0,0,,0,0,Matches
42,Liston Colaco,in IND,"MF,FW",Mohun Bagan,23,1998,14.8,1,52,20,38.5,3.5,1.35,0.02,0.05,,0,0,Matches
43,Alan Costa,br BRA,DF,Bengaluru,31,1990,11.6,2,10,2,20,0.86,0.17,0.2,1,,0,0,Matches
44,Saúl Crespo,es ESP,MF,Odisha,26,1996,16.4,0,20,3,15,1.22,0.18,0,0,,0,0,Matches
45,Rafael Crivellaro,br BRA,"MF,FW",Jamshedpur,33,1989,7.6,0,18,5,27.8,2.37,0.66,0,0,,0,0,Matches
46,Leander D'Cunha,in IND,DF,Goa,24,1997,0,0,0,0,,0,0,,,,0,0,Matches
47,Aaren D'Silva,in IND,FW,Hyderabad FC,24,1997,1.2,1,5,1,20,4.13,0.83,0.2,1,,0,0,Matches
48,Devansh Dabas,in IND,GK,Chennaiyin,20,2001,1,0,0,0,,0,0,,,,0,0,Matches
49,Vignesh Dakshina Murthy,in IND,DF,Mumbai City,24,1998,9.9,1,5,1,20,0.51,0.1,0.2,1,,0,0,Matches
50,Slavko Damjanović,me MNE,DF,Mohun Bagan,29,1992,2.7,1,3,1,33.3,1.11,0.37,0.33,1,,0,0,Matches
51,Rohit Danu,in IND,MF,Hyderabad FC,20,2002,4.3,0,6,3,50,1.41,0.7,0,0,,0,0,Matches
52,Narayan Das,in IND,DF,Chennaiyin,28,1993,3.7,0,1,0,0,0.27,0,0,,,0,0,Matches
53,Prabir Das,in IND,"MF,DF",Bengaluru,28,1993,12.8,0,5,0,0,0.39,0,0,,,0,0,Matches
54,Ritwik Das,in IND,MF,Jamshedpur,25,1996,13.9,6,25,12,48,1.8,0.86,0.24,0.5,,0,0,Matches
55,Sourav Das,in IND,MF,Chennaiyin,26,1996,4.4,0,2,1,50,0.46,0.23,0,0,,0,0,Matches
56,Tuhin Das,in IND,MF,East Bengal,22,2000,2.3,0,2,0,0,0.86,0,0,,,0,0,Matches
57,Carlos Delgado,es ESP,DF,Odisha,32,1990,20,0,13,3,23.1,0.65,0.15,0,0,,0,0,Matches
58,Matt Derbyshire,eng ENG,FW,NorthEast Utd,36,1986,6.2,1,12,2,16.7,1.93,0.32,0.08,0.5,,0,0,Matches
59,Jockson Dhas,in IND,MF,Chennaiyin,27,1995,1.7,0,2,2,100,1.17,1.17,0,0,,0,0,Matches
60,Fallou Diagne,sn SEN,DF,Chennaiyin,32,1989,17.4,0,13,3,23.1,0.75,0.17,0,0,,0,0,Matches
61,Dimitris Diamantakos,gr GRE,FW,Kerala Blasters,29,1993,18.1,10,46,21,45.7,2.54,1.16,0.17,0.38,,2,2,Matches
62,Aibanbha Dohling,in IND,DF,Goa,26,1996,16.5,1,5,3,60,0.3,0.18,0.2,0.33,,0,0,Matches
63,Seiminlen Doungel,in IND,"FW,MF",Jamshedpur,28,1994,1.8,0,1,1,100,0.55,0.55,0,0,,0,0,Matches
64,Julius Düker,de GER,MF,Chennaiyin,26,1996,18.3,1,13,2,15.4,0.71,0.11,0.08,0.5,,0,0,Matches
65,Eliandro,br BRA,FW,East Bengal,32,1990,1.2,0,1,0,0,0.8,0,0,,,0,0,Matches
66,Jay Emmanuel-Thomas,eng ENG,MF,Jamshedpur,31,1990,14.5,2,30,9,30,2.07,0.62,0,0,,2,2,Matches
67,Aaron Evans,au AUS,DF,NorthEast Utd,27,1994,14.9,2,3,2,66.7,0.2,0.13,0.67,1,,0,0,Matches
68,Mourtada Fall,sn SEN,DF,Mumbai City,34,1987,9.6,1,9,2,22.2,0.94,0.21,0.11,0.5,,0,0,Matches
69,Danish Farooq,in IND,FW,Kerala Blasters,26,1996,0.7,0,1,0,0,1.45,0,0,,,0,0,Matches
70,Danish Farooq,in IND,MF,Bengaluru,26,1996,5.2,1,9,2,22.2,1.73,0.38,0.11,0.5,,0,0,Matches
71,Brandon Fernandes,in IND,MF,Goa,27,1994,18.6,3,24,8,33.3,1.29,0.43,0.13,0.38,,0,0,Matches
72,Brison Fernandes,in IND,MF,Goa,21,2001,2.8,3,8,3,37.5,2.89,1.08,0.38,1,,0,0,Matches
73,Raynier Fernandes,in IND,MF,Odisha,,,12.2,0,24,6,25,1.96,0.49,0,0,,0,0,Matches
74,Seriton Fernandes,in IND,DF,Goa,29,1992,14.2,0,2,0,0,0.14,0,0,,,0,0,Matches
75,Narender Gahlot,in IND,DF,Odisha,21,2001,14.3,0,9,1,11.1,0.63,0.07,0,0,,0,0,Matches
76,Federico Gallego,uy URU,MF,Mohun Bagan,32,1990,4.8,0,10,1,10,2.07,0.21,0,0,,0,0,Matches
77,Saviour Gama,in IND,DF,Goa,25,1997,2.8,0,1,0,0,0.36,0,0,,,0,0,Matches
78,Iván Garrido González,es ESP,DF,East Bengal,32,1990,13.8,0,0,0,,0,0,,,,0,0,Matches
79,Jon Gaztañaga,es ESP,MF,NorthEast Utd,31,1991,11.5,0,14,1,7.1,1.22,0.09,0,0,,0,0,Matches
80,Apostolos Giannou,au AUS,FW,Kerala Blasters,32,1990,7.5,2,21,6,28.6,2.8,0.8,0.1,0.33,,0,0,Matches
81,Sarthak Golui,in IND,DF,East Bengal,24,1997,10.7,1,9,2,22.2,0.84,0.19,0.11,0.5,,0,0,Matches
82,Rostyn Griffiths,au AUS,DF,Mumbai City,34,1988,14.4,1,10,2,20,0.7,0.14,0.1,0.5,,0,0,Matches
83,Iker Guarrotxena,es ESP,"MF,FW",Goa,29,1992,18.8,11,58,18,31,3.09,0.96,0.16,0.5,,2,2,Matches
84,Vafa Hakhamaneshi,ir IRN,DF,Chennaiyin,31,1991,15.5,1,7,2,28.6,0.45,0.13,0.14,0.5,,0,0,Matches
85,Pronay Halder,in IND,MF,Mohun Bagan,29,1993,0.7,0,0,0,,0,0,,,,0,0,Matches
86,Pronay Halder,in IND,"MF,DF",Jamshedpur,29,1993,7,0,4,2,50,0.57,0.29,0,0,,0,0,Matches
87,Brendan Hamill,au AUS,DF,Mohun Bagan,29,1992,18,0,13,3,23.1,0.72,0.17,0,0,,0,0,Matches
88,Thongkhosiem Haokip,in IND,FW,East Bengal,29,1993,7.7,1,7,4,57.1,0.91,0.52,0.14,0.25,,0,0,Matches
89,Peter Hartley,eng ENG,DF,Jamshedpur,34,1988,7.9,1,10,3,30,1.27,0.38,0.1,0.33,,0,0,Matches
90,Hernán,es ESP,"DF,MF",Goa,31,1990,1.2,0,4,2,50,3.3,1.65,0,0,,0,0,Matches
91,Javi Hernández,es ESP,MF,Bengaluru,33,1989,16,6,43,14,32.6,2.68,0.87,0.14,0.43,,0,0,Matches
92,Borja Herrera,es ESP,MF,Hyderabad FC,29,1993,12.7,4,28,8,28.6,2.21,0.63,0.14,0.5,,0,0,Matches
93,Lalrinliana Hnamte,in IND,DF,Mohun Bagan,19,2003,1.1,0,1,0,0,0.93,0,0,,,0,0,Matches
94,Sylvester Igboun,ng NGA,"FW,MF",NorthEast Utd,31,1990,0.2,0,1,0,0,4.5,0,0,,,0,0,Matches
95,Mohammed Irshad,in IND,"MF,DF",NorthEast Utd,27,1994,6.4,0,3,1,33.3,0.47,0.16,0,0,,0,0,Matches
96,Ahmed Jahouh,ma MAR,MF,Mumbai City,34,1988,14.7,2,15,5,33.3,1.02,0.34,0.07,0.2,,1,1,Matches
97,Michael Jakobsen,dk DEN,DF,NorthEast Utd,36,1986,9.4,0,1,0,0,0.11,0,0,,,0,0,Matches
98,Himanshu Jangra,in IND,MF,East Bengal,18,2004,1.7,0,3,1,33.3,1.79,0.6,0,0,,0,0,Matches
99,Jake Jervis,eng ENG,FW,East Bengal,30,1991,4.8,1,12,4,33.3,2.48,0.83,0.08,0.25,,0,0,Matches
100,Sandesh Jhingan,in IND,DF,Bengaluru,29,1993,18,0,7,1,14.3,0.39,0.06,0,0,,0,0,Matches
101,Ricky John Shabong,in IND,MF,Mohun Bagan,19,2002,0,0,0,0,,0,0,,,,0,0,Matches
102,Lalbiakhlua Jongte,in IND,GK,Hyderabad FC,20,2002,1,0,0,0,,0,0,,,,0,0,Matches
103,Wilmar Jordán,co COL,"FW,MF",NorthEast Utd,31,1990,8.2,8,25,14,56,3.06,1.71,0.12,0.21,,5,5,Matches
104,Aleksandar Jovanović,au AUS,DF,Bengaluru,32,1989,12,0,1,0,0,0.08,0,0,,,0,0,Matches
105,Jobby Justin,in IND,FW,Chennaiyin,28,1993,0.6,0,2,1,50,3.1,1.55,0,0,,0,0,Matches
106,Abdul Rabeeh A K,in IND,MF,Hyderabad FC,21,2001,3.5,0,5,3,60,1.44,0.87,0,0,,0,0,Matches
107,Vishal Kaith,in IND,GK,Mohun Bagan,26,1996,20,0,0,0,,0,0,,,,0,0,Matches
108,Ivan Kaliuzhnyi,ua UKR,MF,Kerala Blasters,24,1998,13.8,4,20,7,35,1.44,0.51,0.2,0.57,,0,0,Matches
109,Rahul Kannoly Praveen,in IND,MF,Kerala Blasters,22,2000,14.3,2,24,11,45.8,1.68,0.77,0.08,0.18,,0,0,Matches
110,Kwame Karikari,gh GHA,FW,Chennaiyin,30,1992,6,4,24,10,41.7,4,1.67,0.08,0.2,,2,2,Matches
111,Prasanth Karuthadathkuni,in IND,"MF,FW",Chennaiyin,25,1997,9.5,1,10,6,60,1.06,0.63,0.1,0.17,,0,0,Matches
112,Laxmikant Kattimani,in IND,GK,Hyderabad FC,33,1989,5.4,0,0,0,,0,0,,,,0,0,Matches
113,Joni Kauko,fi FIN,MF,Mohun Bagan,32,1990,5.5,1,14,6,42.9,2.53,1.08,0.07,0.17,,0,0,Matches
114,Harmanjot Khabra,in IND,DF,Kerala Blasters,33,1988,6,1,3,1,33.3,0.5,0.17,0.33,1,,0,0,Matches
115,Imran Khan,in IND,"MF,FW",NorthEast Utd,27,1994,5.3,1,11,4,36.4,2.07,0.75,0.09,0.25,,0,0,Matches
116,Abdenasser El Khayati,nl NED,"MF,FW",Chennaiyin,33,1989,6.4,9,22,14,63.6,3.43,2.18,0.36,0.57,,1,1,Matches
117,Pritam Kotal,in IND,DF,Mohun Bagan,28,1993,20,0,10,1,10,0.5,0.05,0,0,,0,0,Matches
118,Roy Krishna,fj FIJ,FW,Bengaluru,34,1987,17.4,5,36,12,33.3,2.07,0.69,0.14,0.42,,0,0,Matches
119,Ajith Kumar,in IND,DF,Chennaiyin,25,1996,13.6,0,2,0,0,0.15,0,0,,,0,0,Matches
120,Anuj Kumar,in IND,GK,Hyderabad FC,24,1998,1.6,0,0,0,,0,0,,,,0,0,Matches
121,Gurjinder Kumar,in IND,DF,NorthEast Utd,31,1990,10.1,0,4,0,0,0.4,0,0,,,0,0,Matches
122,Nanda Kumar,in IND,"FW,MF",Odisha,26,1995,17.4,6,38,14,36.8,2.19,0.81,0.16,0.43,,0,0,Matches
123,Nishu Kumar,in IND,DF,Kerala Blasters,24,1997,11.2,0,9,2,22.2,0.81,0.18,0,0,,0,0,Matches
124,Rohit Kumar,in IND,MF,Bengaluru,25,1997,8.9,3,13,6,46.2,1.45,0.67,0.23,0.5,,0,0,Matches
125,Ashique Kuruniyan,in IND,"MF,FW",Mohun Bagan,25,1997,11.9,0,17,5,29.4,1.43,0.42,0,0,,0,0,Matches
126,Charalambos Kyriakou,cy CYP,"DF,MF",East Bengal,32,1989,14.5,1,7,3,42.9,0.48,0.21,0.14,0.33,,0,0,Matches
127,Phurba Lachenpa,in IND,GK,Mumbai City,24,1998,20,0,0,0,,0,0,,,,0,0,Matches
128,Emanuel Lalchhanchhuaha,in IND,MF,NorthEast Utd,20,2002,4.1,0,2,1,50,0.49,0.25,0,0,,0,0,Matches
129,R Laldanmawia,in IND,MF,NorthEast Utd,29,1992,1,0,2,1,50,1.91,0.96,0,0,,0,0,Matches
130,Lalengmawia,in IND,MF,Mumbai City,21,2000,12.8,3,17,5,29.4,1.33,0.39,0.18,0.6,,0,0,Matches
131,Ricky Lallawmawma,in IND,"DF,MF",Jamshedpur,30,1991,19.9,0,2,0,0,0.1,0,0,,,0,0,Matches
132,Jerry Lalrinzuala,in IND,DF,East Bengal,24,1998,16.6,0,4,1,25,0.24,0.06,0,0,,0,0,Matches
133,Lalruatthara,in IND,DF,Odisha,27,1995,1.7,0,0,0,,0,0,,,,0,0,Matches
134,K Lalthathanga,in IND,MF,Kerala Blasters,24,1998,4,0,7,2,28.6,1.74,0.5,0,0,,0,0,Matches
135,K Lalthathanga,in IND,MF,Mohun Bagan,24,1998,2.3,0,0,0,,0,0,,,,0,0,Matches
136,Marko Lešković,hr CRO,DF,Kerala Blasters,31,1991,13.1,1,7,1,14.3,0.54,0.08,0.14,1,,0,0,Matches
137,Adrián Luna,uy URU,"MF,FW",Kerala Blasters,30,1992,18.9,4,42,12,28.6,2.22,0.63,0.1,0.33,,0,0,Matches
138,Debjit Majumder,in IND,GK,Chennaiyin,34,1988,8.9,0,0,0,,0,0,,,,0,0,Matches
139,Osama Malik,au AUS,DF,Odisha,31,1990,12.2,0,9,2,22.2,0.74,0.16,0,0,,0,0,Matches
140,Saurav Mandal,in IND,MF,Kerala Blasters,21,2000,2.8,0,3,0,0,1.07,0,0,,,0,0,Matches
141,Pedro Martín,es ESP,"FW,MF",Odisha,30,1992,9.1,3,17,7,41.2,1.86,0.77,0.18,0.43,,0,0,Matches
142,Glan Martins,in IND,MF,Goa,28,1994,5.2,0,8,1,12.5,1.53,0.19,0,0,,0,0,Matches
143,Glan Martins,in IND,MF,Mohun Bagan,28,1994,5.2,0,5,2,40,0.95,0.38,0,0,,0,0,Matches
144,Diego Maurício,br BRA,FW,Odisha,31,1991,16,12,51,23,45.1,3.18,1.44,0.18,0.39,,3,3,Matches
145,Jerry Mawihmingthanga,in IND,"FW,MF",Odisha,25,1997,14.5,3,24,9,37.5,1.66,0.62,0.13,0.33,,0,0,Matches
146,Kule Mbombo,cd COD,"FW,MF",NorthEast Utd,26,1996,4.9,0,7,0,0,1.42,0,0,,,0,0,Matches
147,Carl McHugh,ie IRL,MF,Mohun Bagan,29,1993,12.2,3,12,5,41.7,0.98,0.41,0.25,0.6,,0,0,Matches
148,Ninthoinganba Meetei,in IND,MF,Chennaiyin,21,2001,5.7,0,9,1,11.1,1.57,0.17,0,0,,0,0,Matches
149,Denechandra Meitei,in IND,DF,Odisha,28,1994,5.6,0,0,0,,0,0,,,,0,0,Matches
150,Mirshad Michu,in IND,GK,NorthEast Utd,28,1994,10,0,0,0,,0,0,,,,0,0,Matches
151,Bryce Miranda,in IND,MF,Kerala Blasters,22,1999,3.9,0,2,0,0,0.51,0,0,,,0,0,Matches
152,Akash Mishra,in IND,DF,Hyderabad FC,20,2001,17,0,10,2,20,0.59,0.12,0,0,,0,0,Matches
153,Samik Mitra,in IND,GK,Chennaiyin,21,2000,10,0,0,0,,0,0,,,,0,0,Matches
154,Yasir Mohammad,in IND,MF,Hyderabad FC,22,1999,16.7,3,25,6,24,1.5,0.36,0.12,0.5,,0,0,Matches
155,Manoj Mohammed,in IND,DF,Hyderabad FC,23,1999,3,0,2,0,0,0.67,0,0,,,0,0,Matches
156,Vibin Mohanan,in IND,MF,Kerala Blasters,19,2003,1.1,0,1,0,0,0.88,0,0,,,0,0,Matches
157,Fardin Molla,in IND,FW,Mohun Bagan,20,2002,1.3,0,3,1,33.3,2.39,0.8,0,0,,0,0,Matches
158,Hira Mondal,in IND,DF,NorthEast Utd,25,1996,4.3,0,5,0,0,1.15,0,0,,,0,0,Matches
159,Víctor Mongil,es ESP,DF,Kerala Blasters,30,1992,8.4,0,3,1,33.3,0.36,0.12,0,0,,0,0,Matches
160,Jithin MS,in IND,"FW,MF",NorthEast Utd,24,1998,11.5,1,11,4,36.4,0.96,0.35,0.09,0.25,,0,0,Matches
161,Ankit Mukherjee,in IND,DF,East Bengal,26,1996,7.6,0,2,0,0,0.26,0,0,,,0,0,Matches
162,Devendra Murgaokar,in IND,MF,Goa,23,1998,4.1,0,3,2,66.7,0.73,0.48,0,0,,0,0,Matches
163,Halicharan Narzary,in IND,MF,Hyderabad FC,27,1994,13.9,3,24,6,25,1.73,0.43,0.13,0.5,,0,0,Matches
164,Kiyan Nassiri,in IND,MF,Mohun Bagan,21,2000,3.2,0,9,4,44.4,2.83,1.26,0,0,,0,0,Matches
165,Gyamar Nikum,in IND,MF,Mumbai City,17,2004,0.1,0,0,0,,0,0,,,,0,0,Matches
166,Alberto Noguera,es ESP,MF,Mumbai City,32,1989,10,4,22,8,36.4,2.21,0.8,0.18,0.5,,0,0,Matches
167,Rupert Nongrum,in IND,MF,NorthEast Utd,25,1996,0.1,0,0,0,,0,0,,,,0,0,Matches
168,Halen Nongtdu,in IND,DF,Mumbai City,18,2004,1,0,2,2,100,2,2,0,0,,0,0,Matches
169,Jordan O'Doherty,au AUS,MF,East Bengal,24,1997,12.3,1,12,4,33.3,0.98,0.33,0.08,0.25,,0,0,Matches
170,Bartholomew Ogbeche,ng NGA,"MF,FW",Hyderabad FC,37,1984,16.1,10,55,22,40,3.41,1.36,0.16,0.41,,1,2,Matches
171,Odei Onaindia,es ESP,DF,Hyderabad FC,32,1989,19,1,7,1,14.3,0.37,0.05,0.14,1,,0,0,Matches
172,Ishan Pandita,in IND,FW,Jamshedpur,24,1998,7,2,25,6,24,3.55,0.85,0.08,0.33,,0,0,Matches
173,Sahil Panwar,in IND,DF,Odisha,22,1999,14.7,0,2,0,0,0.14,0,0,,,0,0,Matches
174,Sumeet Passi,in IND,"MF,FW",East Bengal,27,1994,4.7,0,5,1,20,1.06,0.21,0,0,,0,0,Matches
175,Laldinpuia PC,in IND,"MF,DF",Jamshedpur,25,1996,3.3,0,0,0,,0,0,,,,0,0,Matches
176,Sanson Pereira,in IND,DF,Goa,24,1997,7.5,0,4,0,0,0.53,0,0,,,0,0,Matches
177,Jorge Pereyra Díaz,ar ARG,FW,Mumbai City,31,1990,14.3,11,35,18,51.4,2.44,1.26,0.29,0.56,,1,2,Matches
178,Pablo Pérez,es ESP,MF,Bengaluru,28,1993,2.5,2,12,6,50,4.78,2.39,0.17,0.33,,0,0,Matches
179,Dimitri Petratos,au AUS,FW,Mohun Bagan,29,1992,18.5,9,58,20,34.5,3.13,1.08,0.16,0.45,,0,0,Matches
180,Romain Philippoteaux,fr FRA,"MF,FW",NorthEast Utd,34,1988,14.8,2,19,7,36.8,1.28,0.47,0.11,0.29,,0,0,Matches
181,Florentin Pogba,gn GUI,DF,Mohun Bagan,31,1990,0.3,0,0,0,,0,0,,,,0,0,Matches
182,Nikhil Poojari,in IND,DF,Hyderabad FC,26,1995,18.1,0,3,2,66.7,0.17,0.11,0,0,,0,0,Matches
183,Nikhil Prabhu,in IND,DF,Odisha,21,2000,1,0,1,0,0,0.97,0,0,,,0,0,Matches
184,Nikhil Prabhu,in IND,DF,Goa,21,2000,0.8,0,1,0,0,1.22,0,0,,,0,0,Matches
185,Wellington Priori,br BRA,"MF,FW",Jamshedpur,32,1990,4,0,10,3,30,2.53,0.76,0,0,,0,0,Matches
186,Mohammed Rafique,in IND,DF,Chennaiyin,29,1992,1.2,0,1,0,0,0.8,0,0,,,0,0,Matches
187,Mobashir Rahman,in IND,MF,East Bengal,24,1998,8.9,0,6,0,0,0.67,0,0,,,0,0,Matches
188,Asish Rai,in IND,"DF,MF",Mohun Bagan,23,1999,19.2,0,19,8,42.1,0.99,0.42,0,0,,0,0,Matches
189,Vinit Rai,in IND,"MF,DF",Mumbai City,24,1997,4.7,2,4,3,75,0.85,0.64,0.5,0.67,,0,0,Matches
190,Soosai Raj,in IND,MF,Odisha,27,1994,0.1,0,0,0,,0,0,,,,0,0,Matches
191,Mohamad Rakip,in IND,DF,East Bengal,22,2000,2.7,0,1,1,100,0.37,0.37,0,0,,0,0,Matches
192,Paul Ramfangzauva,in IND,MF,Odisha,23,1999,0.3,0,0,0,,0,0,,,,0,0,Matches
193,Bruno Ramires,br BRA,"MF,DF",Bengaluru,28,1994,9,0,7,2,28.6,0.78,0.22,0,0,,0,0,Matches
194,Jayesh Rane,in IND,MF,Bengaluru,30,1991,2.7,0,2,0,0,0.73,0,0,,,0,0,Matches
195,Mandar Rao Dessai,in IND,DF,Mumbai City,30,1992,5.5,0,4,1,25,0.73,0.18,0,0,,0,0,Matches
196,Princeton Rebello,in IND,MF,Goa,23,1999,0.9,0,0,0,,0,0,,,,0,0,Matches
197,Laldinliana Renthlei,in IND,DF,Jamshedpur,23,1998,15.4,0,6,0,0,0.39,0,0,,,0,0,Matches
198,Rochharzela,in IND,"FW,MF",NorthEast Utd,24,1998,5.6,2,7,3,42.9,1.25,0.54,0.29,0.67,,0,0,Matches
199,Lenny Rodrigues,in IND,MF,Goa,35,1987,1,0,1,0,0,0.98,0,0,,,0,0,Matches
200,Lenny Rodrigues,in IND,MF,Mohun Bagan,35,1987,4.9,1,6,1,16.7,1.22,0.2,0.17,1,,0,0,Matches
201,Víctor Rodríguez,es ESP,"MF,FW",Odisha,33,1989,4.7,1,7,2,28.6,1.49,0.43,0.14,0.5,,0,0,Matches
202,P Rohlupuia,in IND,MF,Mumbai City,23,1999,0,0,0,0,,0,0,,,,0,0,Matches
203,Noah Saadaoui,ma MAR,"MF,FW",Goa,29,1992,16.3,9,55,25,45.5,3.38,1.54,0.16,0.36,,0,0,Matches
204,Eli Sabiá,br BRA,DF,Jamshedpur,33,1988,14.1,0,8,1,12.5,0.57,0.07,0,0,,0,0,Matches
205,Sekh Sahil,in IND,MF,Jamshedpur,22,2000,0.8,0,0,0,,0,0,,,,0,0,Matches
206,Alex Saji,in IND,DF,NorthEast Utd,22,2000,6.7,0,5,0,0,0.74,0,0,,,0,0,Matches
207,Mohammad Sajid Dhot,in IND,DF,Chennaiyin,24,1997,0.3,0,0,0,,0,0,,,,0,0,Matches
208,Siva Sakthi,in IND,FW,Bengaluru,21,2001,9.9,6,27,11,40.7,2.72,1.11,0.22,0.55,,0,0,Matches
209,Aakash Sangwan,in IND,DF,Chennaiyin,26,1995,17.4,0,4,0,0,0.23,0,0,,,0,0,Matches
210,Shubham Sarangi,in IND,DF,Odisha,22,2000,6.3,0,3,0,0,0.48,0,0,,,0,0,Matches
211,Harry Sawyer,au AUS,"FW,MF",Jamshedpur,25,1996,9.7,2,41,13,31.7,4.22,1.34,0.05,0.15,,0,0,Matches
212,Suvam Sen,in IND,GK,East Bengal,32,1989,3,0,0,0,,0,0,,,,0,0,Matches
213,Hitesh Sharma,in IND,MF,Hyderabad FC,24,1997,12.9,1,8,1,12.5,0.62,0.08,0.13,1,,0,0,Matches
214,Mashoor Shereef,in IND,DF,NorthEast Utd,29,1993,5.9,0,0,0,,0,0,,,,0,0,Matches
215,Parag Shrivas,in IND,DF,Bengaluru,25,1997,10.9,0,11,1,9.1,1.01,0.09,0,0,,0,0,Matches
216,Cleiton Silva,br BRA,FW,East Bengal,35,1987,19.7,12,57,25,43.9,2.89,1.27,0.16,0.36,,3,3,Matches
217,Amarjit Singh,in IND,MF,East Bengal,21,2001,0.1,0,0,0,,0,0,0,0,,0,0,Matches
218,Amrinder Singh,in IND,GK,Odisha,29,1993,20,0,0,0,,0,0,0,0,,0,0,Matches
219,Arshdeep Singh,in IND,GK,Goa,24,1997,1.4,0,0,0,,0,0,0,0,,0,0,Matches
220,Bidyashagar Singh,in IND,FW,Kerala Blasters,24,1998,0.3,0,3,1,33.3,10.8,3.6,0,0,,0,0,Matches
221,Bipin Singh,in IND,"FW,MF",Mumbai City,27,1995,18.8,6,51,25,49,2.71,1.33,0.12,0.24,,0,0,Matches
222,Dheeraj Singh,in IND,GK,Goa,22,2000,18.6,0,0,0,,0,0,0,0,,0,0,Matches
223,Germanpreet Singh,in IND,MF,Jamshedpur,26,1996,3.6,0,6,1,16.7,1.67,0.28,0,0,,0,0,Matches
224,Gurkirat Singh,in IND,DF,Mumbai City,19,2003,1.2,0,6,1,16.7,4.91,0.82,0,0,,0,0,Matches
225,Gurmeet Singh,in IND,GK,Hyderabad FC,23,1999,12,0,0,0,,0,0,0,0,,0,0,Matches
226,Gurmukh Singh,in IND,DF,Chennaiyin,23,1999,5.2,0,1,0,0,0.19,0,0,0,,0,0,Matches
227,Gursimrat Singh,in IND,DF,Mumbai City,24,1997,0,0,0,0,,0,0,0,0,,0,0,Matches
228,Harmanpreeth Singh,in IND,MF,Bengaluru,20,2001,0.1,0,0,0,,0,0,0,0,,0,0,Matches
229,Jeakson Singh,in IND,MF,Kerala Blasters,21,2001,18.2,0,9,1,11.1,0.49,0.05,0,0,,0,0,Matches
230,Jitendra Singh,in IND,MF,Jamshedpur,21,2001,8.1,0,4,0,0,0.49,0,0,0,,0,0,Matches
231,Kamaljit Singh,in IND,GK,East Bengal,26,1995,17,0,0,0,,0,0,0,0,,0,0,Matches
232,Karanjit Singh,in IND,GK,Kerala Blasters,36,1986,2,0,0,0,,0,0,0,0,,0,0,Matches
233,Konsham Singh,in IND,DF,Hyderabad FC,25,1996,11.8,1,1,1,100,0.09,0.09,1,1,,0,0,Matches
234,Manvir Singh,in IND,"MF,FW",Mohun Bagan,26,1995,12.4,2,17,4,23.5,1.37,0.32,0.12,0.5,,0,0,Matches
235,Mehtab Singh,in IND,DF,Mumbai City,24,1998,18.4,1,7,2,28.6,0.38,0.11,0.14,0.5,,0,0,Matches
236,Naorem Singh,in IND,"MF,FW",East Bengal,23,1999,16.9,2,14,5,35.7,0.83,0.3,0.14,0.4,,0,0,Matches
237,Phijam Singh,in IND,MF,Jamshedpur,19,2003,2.3,0,2,0,0,0.87,0,0,0,,0,0,Matches
238,Prabhsukhan Singh,in IND,GK,Kerala Blasters,21,2001,18,0,0,0,,0,0,0,0,,0,0,Matches
239,Reagan Singh,in IND,DF,Hyderabad FC,31,1991,2.3,0,1,0,0,0.43,0,0,0,,0,0,Matches
240,Roshan Singh,in IND,"MF,FW",Bengaluru,23,1999,18.9,0,19,7,36.8,1.01,0.37,0,0,,0,0,Matches
241,Sandeep Singh,in IND,DF,Kerala Blasters,27,1995,8.9,1,8,2,25,0.9,0.22,0.13,0.5,,0,0,Matches
242,Gurpreet Singh Sandhu,in IND,GK,Bengaluru,30,1992,20,0,0,0,,0,0,0,0,,0,0,Matches
243,Sehnaj Singh,in IND,MF,NorthEast Utd,29,1993,0.6,0,0,0,,0,0,0,0,,0,0,Matches
244,Soraisam Singh,in IND,DF,East Bengal,26,1995,1,0,0,0,,0,0,0,0,,0,0,Matches
245,Suresh Singh,in IND,MF,Bengaluru,21,2000,16,0,8,2,25,0.5,0.13,0,0,,0,0,Matches
246,Boris Singh Thangjam,in IND,"MF,FW",Jamshedpur,22,2000,17,2,23,9,39.1,1.35,0.53,0.09,0.22,,0,0,Matches
247,Thoiba Singh,in IND,"MF,DF",Odisha,19,2002,18.4,0,15,2,13.3,0.81,0.11,0,0,,0,0,Matches
248,Tondonba Singh,in IND,DF,NorthEast Utd,27,1994,6.2,0,0,0,,0,0,0,0,,0,0,Matches
249,Udanta Singh,in IND,"MF,FW",Bengaluru,26,1996,5.1,0,5,1,20,0.98,0.2,0,0,,0,0,Matches
250,Vikram Singh,in IND,MF,Mumbai City,20,2002,3,2,9,3,33.3,2.97,0.99,0.22,0.67,,0,1,Matches
251,Yumkhaibam Singh,in IND,MF,Chennaiyin,20,2001,11.1,0,8,1,12.5,0.72,0.09,0,0,,0,0,Matches
252,Siverio,es ESP,FW,Hyderabad FC,24,1997,11.5,5,39,17,43.6,3.4,1.48,0.13,0.29,,0,0,Matches
253,Petar Slišković,hr CRO,FW,Chennaiyin,31,1991,15.4,8,50,18,36,3.25,1.17,0.16,0,,0,0,Matches
254,Sanjeev Stalin,in IND,DF,Mumbai City,21,2001,7.4,0,0,0,,0,0,0,0,,0,0,Matches
255,Greg Stewart,sct SCO,"MF,FW",Mumbai City,32,1990,14.9,7,50,33,66,3.36,2.21,0.12,0.18,,1,1,Matches
256,Nihal Sudeesh,in IND,FW,Kerala Blasters,21,2001,1.2,0,3,2,66.7,2.5,1.67,0,0,,0,0,Matches
257,Syed Suhail Pasha,in IND,FW,Chennaiyin,22,1999,0.3,0,0,0,,0,0,0,0,,0,0,Matches
258,Parthib Sundar Gogoi,in IND,"FW,MF",NorthEast Utd,19,2003,9.5,3,20,8,40,2.1,0.84,0.15,0.38,,0,0,Matches
259,Pragyan Sundar Gogoi,in IND,MF,NorthEast Utd,23,1999,11.3,0,14,3,21.4,1.24,0.27,0,0,,0,0,Matches
260,Edwin Sydney Vanspaul,in IND,"MF,DF",Chennaiyin,29,1992,11.1,1,21,9,42.9,1.9,0.81,0.05,0.11,,0,0,Matches
261,Nim Tamang,in IND,DF,Hyderabad FC,26,1995,9.1,1,3,1,33.3,0.33,0.11,0.33,1,,0,0,Matches
262,Deepak Tangri,in IND,"MF,DF",Mohun Bagan,23,1999,8.3,0,5,1,20,0.6,0.12,0,0,,0,0,Matches
263,Sahil Tavora,in IND,MF,Hyderabad FC,26,1995,6.8,0,9,1,11.1,1.31,0.15,0,0,,0,0,Matches
264,Anirudh Thapa,in IND,MF,Chennaiyin,24,1998,13.2,2,23,7,30.4,1.74,0.53,0.09,0.29,,0,0,Matches
265,Redeem Tlang,in IND,MF,Goa,27,1995,10.2,3,18,7,38.9,1.77,0.69,0.17,0.43,,0,0,Matches
266,Rehenesh TP,in IND,GK,Jamshedpur,29,1993,11,0,0,0,,0,0,0,0,,0,0,Matches
267,Akshunna Tyagi,in IND,FW,Odisha,20,2001,0,0,0,0,,0,0,0,0,,0,0,Matches
268,Athul Unnikrishnan,in IND,DF,East Bengal,22,2000,0.1,0,0,0,,0,0,0,0,,0,0,Matches
269,Muhammed Uvais,in IND,"DF,MF",Jamshedpur,24,1998,3.2,0,4,0,0,1.25,0,0,0,,0,0,Matches
270,Suhair V. P.,in IND,"MF,FW",East Bengal,30,1992,14.9,2,28,8,28.6,1.88,0.54,0.07,0.25,,0,0,Matches
271,Marc Valiente,es ESP,DF,Goa,35,1987,5.4,0,1,0,0,0.19,0,0,0,,0,0,Matches
272,Isak Vanlalruatfela,in IND,"MF,FW",Odisha,21,2001,4.1,2,10,4,40,2.47,0.99,0.2,0.5,,0,0,Matches
273,Isaac Vanmalsawma,in IND,"MF,FW",Odisha,25,1996,9.5,1,11,2,18.2,1.16,0.21,0.09,0.5,,0,0,Matches
274,Bijoy Varghese,in IND,DF,Kerala Blasters,22,2000,0.1,0,0,0,,0,0,,0,,0,0,Matches
275,Álvaro Vázquez,es ESP,FW,Goa,31,1991,8.8,1,22,8,36.4,2.49,0.91,0.05,0.13,,0,1,Matches
276,João Victor,br BRA,MF,Hyderabad FC,33,1988,10.5,2,9,3,33.3,0.86,0.29,0.11,0.33,,1,2,Matches
277,Vishal Yadav,in IND,GK,Jamshedpur,20,2002,9,0,0,0,,0,0,0,0,,0,0,Matches
278,Joe Zoherliana,in IND,DF,NorthEast Utd,23,1999,9.5,0,2,0,0,0.21,0,0,0,,0,0,Matches
279,Mark Zothanpuia,in IND,MF,Hyderabad FC,20,2002,0.2,0,0,0,,0,0,0,0,,0,0,Matches
